tempUp,tempLw,dwnRad,upwRad,humidity,soilHeatFlux,pressure,hour,vpd
25.3999611443758,12.8002787844957,100,23.8377188513099,0.0441854510714459,8.39738465743097,12.2203121109962,9.79120954121374,7.2532252464141
