tempUp,netRad,humidity,soilHeatFlux,pressure,precipRate,vpd
21.9353748378511,100,6.96230231475739,43.4157625073651,65.0275557759435,0.819890620474103,72.0303931132807
