"","plot","mtry","tempUp","tempLw","dwnRad","upwRad","humidity","soilHeatFlux","pressure","hour","vpd"
"2","cof3",5,0,9.65371312957033,100,3.62794902880572,13.6608618909786,7.14227025407135,11.3023022083448,10.4817756378775,20.3354346766971
