tempUp,netRad,humidity,soilHeatFlux,pressure,precipRate,vpd
7.66856915900717,100,2.3874983115204,8.07663683666085,1.77140841217635,21.2436827159018,12.6302699628939
