tempUp,tempLw,dwnRad,upwRad,humidity,soilHeatFlux,pressure,precipRate,hour
16.0068965529781,17.7057366392154,100,16.8847318668405,28.2846114805337,20.2324584112006,21.9660129296462,0.0695819914669703,14.3939243317786
