"","plot","mtry","tempUp","tempLw","dwnRad","upwRad","humidity","soilHeatFlux","pressure","hour","vpd"
"2","hel1",5,31.6511508876605,16.226990087952,100,30.895552627508,0,5.62801418134085,13.422313287397,11.2129544010412,8.80069464660213
