tempUp,netRad,humidity,soilHeatFlux,pressure,precipRate,vpd
6.99392744998273,100,7.4165655943727,13.1341757130916,10.9740439776973,1.01677880380336,7.89289012220872
