"","plot","mtry","tempUp","tempLw","dwnRad","upwRad","humidity","soilHeatFlux","pressure","hour","vpd"
"2","mai4",5,10.5874139784398,43.4743114836348,100,0,24.264125087764,49.1302547468095,42.3051632626631,8.82411373434273,57.172440622731
