"","plot","mtry","tempUp","tempLw","dwnRad","upwRad","humidity","soilHeatFlux","pressure","hour","vpd"
"2","fed1",5,0,19.1639062473385,100,8.15778378369986,5.59543500029339,42.1395558328364,28.549914235629,71.7534108038013,37.3986801289816
