"","plot","mtry","tempUp","tempLw","dwnRad","upwRad","humidity","soilHeatFlux","pressure","hour","vpd"
"2","gra2",5,13.0047003795914,0,100,10.5413255780413,12.9473060000011,16.7087006727079,34.0971981372536,29.0683322381611,9.79098016789467
