tempUp,netRad,humidity,soilHeatFlux,pressure,precipRate,vpd
14.197718443804,100,13.7107875389993,34.4474873699456,19.6147950451255,0,24.1639596774294
