tempUp,netRad,humidity,soilHeatFlux,pressure,precipRate,vpd
42.1087302147449,100,46.7330186704441,21.3992405460992,48.7972078572832,0.19278209397845,52.1831933808798
