"","plot","mtry","tempUp","tempLw","dwnRad","upwRad","humidity","soilHeatFlux","pressure","hour","vpd"
"2","sav0",5,7.20864251669167,1.46001749051616,100,0,1.52496710556102,49.9744639573688,58.7426513954282,12.6365460244572,67.2687465135076
