tempUp,tempLw,dwnRad,upwRad,humidity,soilHeatFlux,pressure,hour,vpd
0.953654834062372,4.92097962554511,100,1.55471423654774,1.5902650989987,21.8294117591838,2.79173250706092,6.34091579932722,0.981551446362764
