tempUp,tempLw,dwnRad,upwRad,humidity,soilHeatFlux,pressure,hour,vpd
35.1926631076055,28.6437575426365,100,1.23761556709874,17.8899198172619,39.2094229964241,45.6996894579634,6.54011238563898,36.0172501310882
