tempUp,tempLw,dwnRad,upwRad,humidity,soilHeatFlux,pressure,precipRate,hour
8.51140287172203,19.3663605215036,100,28.7725365737507,38.4815200689924,13.4467965226618,0,60.0380322254296,26.435910925974
