"","plot","mtry","tempUp","tempLw","dwnRad","upwRad","humidity","soilHeatFlux","pressure","hour","vpd"
"2","cof2",5,3.35475518764209,11.9005470942,100,30.7051954893751,0.0277025986439284,35.0911457684574,22.5311203453876,0,30.0920661835383
