tempUp,netRad,humidity,soilHeatFlux,pressure,precipRate,vpd
36.6438176531484,100,16.1102207692928,21.4924229100977,28.9396348662274,0,22.0323789718315
