"","plot","mtry","tempUp","tempLw","dwnRad","upwRad","humidity","soilHeatFlux","pressure","hour","vpd"
"3","mai0",9,9.37366561580049,20.4053436308052,100,0,2.22685082438808,19.2461437306062,21.5554351711775,2.09708841674199,10.2212584938056
