"","plot","mtry","tempUp","tempLw","dwnRad","upwRad","humidity","soilHeatFlux","pressure","hour","vpd"
"3","mai0",9,9.29841069066277,17.0540855274845,100,0,0.241106533646774,17.272423706122,16.6359671742758,1.25077215324594,10.0248869692143
