tempUp,tempLw,dwnRad,upwRad,humidity,soilHeatFlux,pressure,hour,vpd
0.952064208297647,3.48022908704988,100,4.91352198978941,10.6058230324139,9.41826835484595,15.3638533625085,8.10652291771783,19.7047105341724
