tempUp,tempLw,dwnRad,upwRad,humidity,soilHeatFlux,pressure,hour,vpd
12.7258020422447,43.5320359504525,100,3.37555347117052,14.471247918916,46.6712705650936,40.2117637962536,6.87130767875592,51.291295033481
