tempUp,tempLw,dwnRad,upwRad,humidity,soilHeatFlux,pressure,precipRate,hour
23.1445325796808,15.4386621077357,100,17.1013240074933,25.2855212740005,38.9207696398649,23.4557475997661,0,18.8217153896388
