"","plot","mtry","tempUp","tempLw","dwnRad","upwRad","humidity","soilHeatFlux","pressure","hour","vpd"
"2","sav5",5,0,25.3380523416244,53.2468733701844,1.97686497122837,15.6703368564076,28.8828345165018,100,19.6018462506211,25.1477121213792
