tempUp,netRad,humidity,soilHeatFlux,pressure,precipRate,vpd
27.9971755659313,100,46.6087166650351,51.4963839566778,90.0239739784166,0,54.4968555773474
