"","plot","mtry","tempUp","tempLw","dwnRad","upwRad","humidity","soilHeatFlux","pressure","hour","vpd"
"2","cof3",5,0,2.16564536298994,100,2.40522997711731,13.8194730758958,6.19064776335665,10.7772752080386,4.83107887877323,25.3840714522908
