tempUp,tempLw,dwnRad,upwRad,humidity,soilHeatFlux,pressure,hour,vpd
3.68257266984932,8.4894063828177,100,40.7853608239791,26.5729655453852,34.8094640442792,57.0617219115985,26.7663985134516,25.5686641953613
