"","plot","mtry","tempUp","tempLw","dwnRad","upwRad","humidity","soilHeatFlux","pressure","hour","vpd"
"3","fer0",9,0,12.0617785822685,100,0.0992575399677427,2.23312745096609,11.3558322321333,5.58861675562571,1.74406599058631,5.00975422115072
