tempUp,tempLw,dwnRad,upwRad,humidity,soilHeatFlux,pressure,precipRate,hour
41.1999148731706,52.7440544954832,100,42.6704375486822,51.4312631117161,65.8333694063869,59.8417066952573,0,40.3737476060874
