"","plot","mtry","tempUp","tempLw","dwnRad","upwRad","humidity","soilHeatFlux","pressure","hour","vpd"
"3","gra2",9,2.95618943361145,3.21747085819998,100,1.23900175488756,2.11418994865768,31.6924396683123,5.02782739970073,0,2.99143923756819
