tempUp,tempLw,dwnRad,upwRad,humidity,soilHeatFlux,pressure,precipRate,hour
21.0716882976644,8.95405459873002,100,9.90659450850448,19.8745599397671,1.35507295853177,13.0509486265048,4.989115786871,5.20948085409029
