"","plot","mtry","tempUp","tempLw","dwnRad","upwRad","humidity","soilHeatFlux","pressure","hour","vpd"
"2","fer0",5,4.40443763210084,10.958219307375,100,11.4190087376869,7.58260701671552,0,5.66445184657197,12.5861351087653,20.8240708802073
