tempUp,netRad,humidity,soilHeatFlux,pressure,precipRate,vpd
25.7772508262937,100,27.503595122436,49.8390530414192,38.247310917603,0,32.7618825462027
