tempUp,netRad,humidity,soilHeatFlux,pressure,precipRate,vpd
11.4843205609358,100,2.52962455818474,3.13405140543266,10.1352253074256,2.9474628716727,6.92871256663431
