tempUp,tempLw,dwnRad,upwRad,humidity,soilHeatFlux,pressure,hour,vpd
10.0501500257174,18.4925336529167,100,32.4000242964025,7.42307481600293,36.1511884688255,25.8577565361342,0,34.8712959995454
