tempUp,tempLw,dwnRad,upwRad,humidity,soilHeatFlux,pressure,precipRate,hour
47.1932898925582,47.1534919021613,99.7079853305869,27.1513066978586,48.2483846339992,47.8437231949814,52.7821391749725,0,30.3659422468152
