tempUp,netRad,humidity,soilHeatFlux,pressure,precipRate,vpd
15.6065836873068,100,11.8276939996074,24.2998408107655,23.0786413311607,0,13.1051889670755
