"","plot","mtry","tempUp","tempLw","dwnRad","upwRad","humidity","soilHeatFlux","pressure","hour","vpd"
"2","mai4",5,8.72052930445751,47.6294005019248,100,0,27.019105224938,49.2012787554623,43.1522419487879,22.8623884196571,62.1169850260966
