tempUp,netRad,humidity,soilHeatFlux,pressure,precipRate,vpd
30.7500145357205,100,34.3892438641174,40.1540840408701,49.5497337902657,0,36.7765668366141
