"","plot","mtry","tempUp","tempLw","dwnRad","upwRad","humidity","soilHeatFlux","pressure","hour","vpd"
"2","fed1",5,0,18.307290473098,100,8.77592670669583,9.48532090278568,37.4059059234464,27.9327043272232,74.0252898440729,38.4153624984487
