tempUp,netRad,humidity,soilHeatFlux,pressure,precipRate,vpd
6.80343516184647,100,0,11.5443973580979,11.1797829613903,45.1308622016093,2.61787913081248
