"","plot","mtry","tempUp","tempLw","dwnRad","upwRad","humidity","soilHeatFlux","pressure","hour","vpd"
"1","sav0",2,0,16.5083202813844,100,50.9209350919505,27.2854250882721,32.5319453544077,59.7644885882533,24.7881962358431,46.2460187960605
