tempUp,tempLw,dwnRad,upwRad,humidity,soilHeatFlux,pressure,precipRate,hour
54.0615776028626,59.8814479422983,100,76.9722447744487,68.3251633836566,86.0723305255681,82.0292763251213,0,77.603412569589
