"","plot","mtry","tempUp","tempLw","dwnRad","upwRad","humidity","soilHeatFlux","pressure","hour","vpd"
"2","hel1",5,29.8650954131352,17.1541958028106,100,32.5360303652006,0,5.3676666998986,13.2389419121216,10.4931383337879,9.07728598781017
