tempUp,tempLw,dwnRad,upwRad,humidity,soilHeatFlux,pressure,precipRate,hour
19.6044331792612,29.4123426751679,100,27.8079451415228,30.0986031602674,36.2977418051218,34.987405597191,0,42.9708559749909
