tempUp,netRad,humidity,soilHeatFlux,pressure,precipRate,vpd
6.51621826904039,100,7.6973605025542,37.0200192232325,8.24399265622892,0,7.68352180290022
