tempUp,tempLw,dwnRad,upwRad,humidity,soilHeatFlux,pressure,precipRate,hour
29.7256124800821,40.2733303541766,71.8048451761332,31.4070935903263,67.7254657918287,55.5439116848016,100,0,46.8371628951535
