tempUp,tempLw,dwnRad,upwRad,humidity,soilHeatFlux,pressure,hour,vpd
23.6588441697353,37.5230566121322,92.2152543623266,6.07444328610315,64.2205752492179,48.7787360018417,76.6153254450721,40.8849734789439,86.1641932329848
