"","plot","mtry","tempUp","tempLw","dwnRad","upwRad","humidity","soilHeatFlux","pressure","hour","vpd"
"2","cof2",5,3.62190926437313,13.2501841063623,100,30.9872443507599,4.7467343679347,32.943132444496,23.4352337589661,0,26.3071097722199
