tempUp,tempLw,dwnRad,upwRad,humidity,soilHeatFlux,pressure,hour,vpd
0.276719558792784,18.0176324723608,100,5.87956234715226,5.60229334235697,36.2100210252859,22.7131742788368,64.6542827010161,30.6069788389974
