tempUp,tempLw,dwnRad,upwRad,humidity,soilHeatFlux,pressure,hour,vpd
1.54177000681042,25.6745215899739,65.1804592557013,8.14071981153528,23.175323147527,41.2235752422716,100,25.6732787692586,38.7894781052997
