"","plot","mtry","tempUp","tempLw","dwnRad","upwRad","humidity","soilHeatFlux","pressure","hour","vpd"
"2","gra1",5,0.00223793916759011,8.75062001552936,100,4.198181219659,0,13.0958545418832,41.3075643552068,12.5535585064643,0.422798003725395
