tempUp,tempLw,dwnRad,upwRad,humidity,soilHeatFlux,pressure,precipRate,hour
25.8278604428132,35.9232729115147,83.4408317418206,47.8145137457212,26.4153352135256,36.932463858659,41.149900371151,92.8986056228204,0
