tempUp,tempLw,dwnRad,upwRad,humidity,soilHeatFlux,pressure,precipRate,hour
9.29686917592972,15.7879955125108,76.4202798608031,32.9025855766524,99.4042217353986,30.9391206944862,55.2509104834321,9.91398266755771,11.9127375800871
