tempUp,tempLw,dwnRad,upwRad,humidity,soilHeatFlux,pressure,hour,vpd
3.34355265867789,8.45448303267019,100,4.53996130471234,3.35792307665603,2.80585014156932,5.44396856323374,9.69828101835582,13.3416806144538
