tempUp,tempLw,dwnRad,upwRad,humidity,soilHeatFlux,pressure,hour,vpd
4.35053589074906,10.2971723866798,100,8.76043352604202,1.98799820713635,12.6774437403893,21.4035609552459,10.1034752046556,2.87473528778703
