"","plot","mtry","tempUp","tempLw","dwnRad","upwRad","humidity","soilHeatFlux","pressure","hour","vpd"
"1","sav5",2,1.92101935571131,6.51958140643025,100,0,57.5187081797749,35.7613923676743,88.4822494070132,31.9699858225807,83.9543161568746
