tempUp,tempLw,dwnRad,upwRad,humidity,soilHeatFlux,pressure,precipRate,hour
20.4899797755729,28.9521554207946,100,24.8961371938893,19.0981806199735,27.2603612050446,31.4485311591651,0,21.2085377742826
