tempUp,tempLw,dwnRad,upwRad,humidity,soilHeatFlux,pressure,precipRate,hour
24.8018599578404,36.5507671691524,76.7026385985457,8.48385068514484,99.8495634203501,33.6451698098302,60.9798146997454,10.7649997617401,29.6840249528578
