tempUp,netRad,humidity,soilHeatFlux,pressure,precipRate,vpd
9.98591176844896,100,0.125338733078708,17.2594811216133,11.4695069978416,55.0986251650916,5.42494626588497
