tempUp,netRad,humidity,soilHeatFlux,pressure,precipRate,vpd
46.8850304337963,92.6560205556171,34.0869214431906,11.1108211869567,16.4465753084883,32.1184088791961,12.9484684048967
