"","plot","mtry","tempUp","tempLw","dwnRad","upwRad","humidity","soilHeatFlux","pressure","hour","vpd"
"2","mai4",5,12.765282728414,45.5478859383627,100,0,15.8713231524946,55.8325462285161,50.8681255457063,11.9409526587623,75.6154206951189
