tempUp,netRad,humidity,soilHeatFlux,pressure,precipRate,vpd
5.94405246741486,100,3.18552720937376,36.9087430040317,54.2657652055924,0.229404820087609,20.5271106902766
