"","plot","mtry","tempUp","tempLw","dwnRad","upwRad","humidity","soilHeatFlux","pressure","hour","vpd"
"2","fed1",5,31.0206176091902,25.503309814346,100,21.7771737501186,0,43.6018984068428,51.9811354563969,80.5387587138146,34.8744525703061
