"","plot","mtry","tempUp","tempLw","dwnRad","upwRad","humidity","soilHeatFlux","pressure","hour","vpd"
"2","cof3",5,4.22946417679594,9.37019777136691,100,8.75238194598173,21.4209851872492,14.8197984510393,17.5433521918075,0,23.3401418098418
