tempUp,netRad,humidity,soilHeatFlux,pressure,precipRate,vpd
4.67267353559526,100,0.950654254215765,23.1218586946361,5.42802359599527,4.07255468172272,4.72129157305878
