"","plot","mtry","tempUp","tempLw","dwnRad","upwRad","humidity","soilHeatFlux","pressure","hour","vpd"
"2","fer0",5,0,14.2824640469408,100,2.13997828434211,13.1192674589948,6.4206916935264,6.97278501736443,14.5654369231319,18.3047305252428
