tempUp,netRad,humidity,soilHeatFlux,pressure,precipRate,vpd
25.2917729216786,87.0772300544598,6.33775535540734,49.706896632633,88.6359595715791,1.49083284233157,92.1038768806521
