tempUp,netRad,humidity,soilHeatFlux,pressure,precipRate,vpd
3.52516315464873,100,2.68477668928692,7.59763501474605,4.63965675259615,10.7716070437448,12.4168664860583
