tempUp,netRad,humidity,soilHeatFlux,pressure,precipRate,vpd
13.61301488905,100,13.0470361251459,31.1247284132367,20.6417617441728,0,23.6399399567529
