tempUp,netRad,humidity,soilHeatFlux,pressure,precipRate,vpd
17.50773207217,100,17.1403199180434,27.0090703639654,32.9488980207213,0,19.6497248741556
