tempUp,netRad,humidity,soilHeatFlux,pressure,precipRate,vpd
5.71415058783601,100,7.62094518072492,38.0172093965149,7.73754171791988,0,6.74129320136851
