"","plot","mtry","tempUp","tempLw","dwnRad","upwRad","humidity","soilHeatFlux","pressure","hour","vpd"
"3","mai0",9,8.91897708814637,20.2415823514721,100,2.64613519115901,0,20.501372794777,22.448366418398,2.66482848181048,6.18579024090743
