tempUp,netRad,humidity,soilHeatFlux,pressure,precipRate,vpd
10.4356813813902,100,14.2960468590155,21.3269107587539,16.8628849682842,0,10.147602067318
