tempUp,netRad,humidity,soilHeatFlux,pressure,precipRate,vpd
44.3219144400552,100,19.9611668416341,29.8904498008668,31.1994992001283,0,24.8471524488346
