"","plot","mtry","tempUp","tempLw","dwnRad","upwRad","humidity","soilHeatFlux","pressure","hour","vpd"
"2","cof2",5,9.49406813671289,17.1134235278717,100,32.2900270140771,6.30097422861586,26.6398579626272,19.3166265636296,0,31.8013005058937
