tempUp,netRad,humidity,soilHeatFlux,pressure,precipRate,vpd
21.3164728479851,100,24.4681562549514,30.4445003469228,33.665390794495,0,29.7861243096028
