tempUp,netRad,humidity,soilHeatFlux,pressure,precipRate,vpd
25.8750442262957,100,42.8618608811025,38.8155415541442,78.7038587234999,0,47.4445114161771
